{
	"$schema": "https://developer.joomla.org/schemas/json-schema/web_assets.json",
	"name": "tpl_herzpraxis_astroid_ghsvs",
	"version": "2023.01.09",
	"versionSub": "5.1.3",
	"description": "Joomla 4 site template with several dependencies(!).",
	"license": "GNU General Public License version 3 or later; see LICENSE.txt.",
	"assets": [
		{
			"name": "herzpraxis_astroid_ghsvs.framework",
			"type": "preset",
			"dependencies": [
				"bootstrap.es5#script",
				"jquery#script",
				"herzpraxis_astroid_ghsvs.script#script",
				"herzpraxis_astroid_ghsvs.user#style",
				"herzpraxis_astroid_ghsvs.user#script"
			]
		},
		{
			"name": "herzpraxis_astroid_ghsvs.script",
			"description": "Javascript specific for this template. Inside folder TEMPLATENAME/js.",
			"type": "script",
			"uri": "script.js",
			"weight": 600,
			"version": "2023.01.09"
		},
		{
			"name": "herzpraxis_astroid_ghsvs.user",
			"description": "Optional Javascript overrides. Inside folder TEMPLATENAME/js.",
			"type": "script",
			"uri": "user.js",
			"weight": 1000
		},
		{
			"name": "herzpraxis_astroid_ghsvs.user",
			"description": "Optional CSS overrides. Inside folder TEMPLATENAME/css.",
			"type": "style",
			"uri": "user.css",
			"weight": 1000
		},
		{
			"name": "jquery-migrate",
			"description": "Optional JQuery helper if extensions use outdated JQuery code.",
			"type": "script",
			"uri": "assetghsvs/jquery-migrate/current/jquery-migrate.js",
			"dependencies": [
				"jquery"
			],
			"version": "3.4.0-assetghsvs"
		},
		{
			"name": "jquery",
			"description": "",
			"type": "script",
			"uri": "assetghsvs/jquery/current/jquery.slim.js",
			"version": "3.6.2-assetghsvs"
		},
		{
			"name": "bootstrap.css",
			"type": "style",
			"uri": "assetghsvs/bootstrap/51/bootstrap.min.css",
			"version": "5.1.3-assetghsvs"
		},
		{
			"name": "bootstrap.css.grid",
			"type": "style",
			"uri": "assetghsvs/bootstrap/51/bootstrap-grid.min.css",
			"dependencies": [
				"bootstrap.css"
			],
			"version": "5.1.3-assetghsvs"
		},
		{
			"name": "bootstrap.es5",
			"description": "Overrides Joomla Core! This Template uses bundled version of https://github.com/GHSVS-de/pkg_file_assetghsvs",
			"type": "script",
			"uri": "assetghsvs/bootstrap/51/bootstrap.bundle.js",
			"version": "5.1.3-assetghsvs"
		},
		{
			"name": "bootstrap.alert",
			"description": "Overrides and disables Joomla Core because this Template uses bundled Bootstrap version.",
			"type": "script",
			"uri": "",
			"dependencies": [
				"bootstrap.es5"
			]
		},
		{
			"name": "bootstrap.button",
			"description": "Overrides and disables Joomla Core because this Template uses bundled Bootstrap version.",
			"type": "script",
			"uri": "",
			"dependencies": [
				"bootstrap.es5"
			]
		},
		{
			"name": "bootstrap.carousel",
			"description": "Overrides and disables Joomla Core because this Template uses bundled Bootstrap version.",
			"type": "script",
			"uri": "",
			"dependencies": [
				"bootstrap.es5"
			]
		},
		{
			"name": "bootstrap.collapse",
			"description": "Overrides and disables Joomla Core because this Template uses bundled Bootstrap version.",
			"type": "script",
			"uri": "",
			"dependencies": [
				"bootstrap.es5"
			]
		},
		{
			"name": "bootstrap.dropdown",
			"description": "Overrides and disables Joomla Core because this Template uses bundled Bootstrap version.",
			"type": "script",
			"uri": "",
			"dependencies": [
				"bootstrap.es5"
			]
		},
		{
			"name": "bootstrap.modal",
			"description": "Overrides and disables Joomla Core because this Template uses bundled Bootstrap version.",
			"type": "script",
			"uri": "",
			"dependencies": [
				"bootstrap.es5"
			]
		},
		{
			"name": "bootstrap.offcanvas",
			"description": "Overrides and disables Joomla Core because this Template uses bundled Bootstrap version.",
			"type": "script",
			"uri": "",
			"dependencies": [
				"bootstrap.es5"
			]
		},
		{
			"name": "bootstrap.popover",
			"description": "Overrides and disables Joomla Core because this Template uses bundled Bootstrap version.",
			"type": "script",
			"uri": "",
			"dependencies": [
				"bootstrap.es5"
			]
		},
		{
			"name": "bootstrap.scrollspy",
			"description": "Overrides and disables Joomla Core because this Template uses bundled Bootstrap version.",
			"type": "script",
			"uri": "",
			"dependencies": [
				"bootstrap.es5"
			]
		},
		{
			"name": "bootstrap.tab",
			"description": "Overrides and disables Joomla Core because this Template uses bundled Bootstrap version.",
			"type": "script",
			"uri": "",
			"dependencies": [
				"bootstrap.es5"
			]
		},
		{
			"name": "bootstrap.toast",
			"description": "Overrides and disables Joomla Core because this Template uses bundled Bootstrap version.",
			"type": "script",
			"uri": "",
			"dependencies": [
				"bootstrap.es5"
			]
		},
		{
			"name": "herzpraxis_astroid_ghsvs.toTop",
			"description": "Override im Zusammenspiel mit JLayout etc.. Leider geht das nicht, dass man nur Style plg_system_bs3ghsvs.toTop unten �berschreibt.",
			"type": "preset",
			"dependencies": [
				"plg_system_bs3ghsvs.toTop#script",
				"herzpraxis_astroid_ghsvs.toTop#style"
			]
		},
		{
			"name": "herzpraxis_astroid_ghsvs.toTop",
			"description": "Override im Zusammenspiel mit JLayout etc. Leider geht das nicht, dass man hier Style plg_system_bs3ghsvs.toTop verwendet.",
			"type": "style",
			"uri": "toTop.css",
			"version": "2023.01.09",
			"attributes": {
				"defer": true
			}
		}
	]
}
