<?xml version="1.0" encoding="utf-8"?>
<!DOCTYPE install PUBLIC "-//Joomla! 2.5//DTD template 1.0//EN" "http://www.joomla.org/xml/dtd/2.5/template-install.dtd">
<extension type="template" client="site" method="upgrade">
	<name>herzpraxis_astroid_ghsvs</name>
	<author>G@HService Berlin Neukölln, Volkmar Volli Schlothauer</author>
	<creationDate>2021-12-13</creationDate>
	<copyright>(C) 2021, G@HService Berlin Neukölln, Volkmar Volli Schlothauer.</copyright>
	<license>GNU General Public License version 3 or later; see LICENSE.txt.</license>
	<authorUrl>https://ghsvs.de</authorUrl>
	<version>2023.01.09</version>
	<description>TPL_HERZPRAXIS_ASTROID_GHSVS_XML_DESCRIPTION</description>

	<updateservers><server type="extension" priority="1" name="TPL_HERZPRAXIS_ASTROID_GHSVS">https://raw.githubusercontent.com/GHSVS-de/upadateservers/master/tpl_herzpraxis_astroid_ghsvs-update.xml</server></updateservers>

	<changelogurl>https://raw.githubusercontent.com/GHSVS-de/upadateservers/master/tpl_herzpraxis_astroid_ghsvs-changelog.xml</changelogurl>

	<infourl>https://updates.ghsvs.de/changelog.php?file=tpl_herzpraxis_astroid_ghsvs</infourl>

	<scriptfile>installerScript.php</scriptfile>
	<minimumPhp>7.4.0</minimumPhp>
	<maximumPhp>8.99999.99999</maximumPhp>
	<minimumJoomla>4.2.0</minimumJoomla>
	<maximumJoomla>4.9999.9999</maximumJoomla>
	<allowDowngrades>1</allowDowngrades>
	<inheritable>0</inheritable>

	<files>
		<folder>___Stile-Sicherungen__</folder>
		<folder>css</folder>
		<folder>html</folder>
		<folder>images</folder>
		<folder>js</folder>
		<folder>language</folder>
		<folder>scss</folder>
		<folder>scss-ghsvs</folder>
		<folder>src</folder>
		<filename>component.php</filename>
		<filename>error.php</filename>
		<filename>index.php</filename>
		<filename>joomla.asset.json</filename>
		<filename>LICENSE.txt</filename>
		<filename>offline.php</filename>
		<filename>templateDetails.xml</filename>
	</files>
	<namespace path="src">GHSVS\Template\HerzpraxisAstroidGhsvs</namespace>
	<positions>
		<position>astroid-header</position>
		<position>astroid-top-social</position>
		<position>astroid-top-contact</position>
		<position>slider</position>
		<position>breadcrumbs</position>
		<position>ueberContent-links</position>
		<position>ueberContent-rechts</position>
		<position>content-top</position>
		<position>content-bottom</position>
		<!--unter-page_heading wird per Code in JLayout page_heading.php gerendert. -->
		<position>unter-page_heading</position>
		<position>unter-main-bs</position>
		<position>unterContent-a</position>
		<position>unterContent-b</position>
		<position>unterContent-c</position>
		<position>right</position>
		<position>footer-1</position>
		<position>footer-2</position>
		<position>footer-3</position>
		<position>footer-4</position>
		<position>offcanvas</position>
		<position>offcanvasContentDummyGhsvs</position>
		<position>offcanvasLeftDummyGhsvs</position>
		<position>debug</position>
		<position>copyright</position>
	</positions>

   <config>
      <fields name="params">
         <fieldset name="basic" addfieldpath="/libraries/astroid/framework/fields">
            <field name="astroid" type="astroidmanagerlink"></field>
         </fieldset>
      </fields>
   </config>
</extension>
